tsc_tree_cover_loss_drivers__driver,umd_tree_cover_loss__year,umd_tree_cover_loss__ha,gfw_gross_emissions_co2e_all_gases__Mg,country
Unknown,2012,21.80494785187934,7452.862790314653,Austria
Forestry,2021,16604.25442304865,9287652.06466169,Austria
Forestry,2020,25881.48324573457,14741511.694280028,Austria
Unknown,2019,74.82626703529517,29369.331526466958,Austria
Forestry,2005,21597.150189704644,9976718.5998755,Austria
Urbanization,2021,4.339873458315971,2379.4345418279495,Austria
Unknown,2011,16.435408396178385,6439.297390180807,Austria
Forestry,2008,26845.569078088873,13359003.124501739,Austria
Unknown,2008,15.221282744229606,5743.1784184248345,Austria
Unknown,2010,24.890253762779945,8345.966481527308,Austria
Urbanization,2015,8.266588471063367,4142.365219147455,Austria
Wildfire,2012,18.123942045436216,7447.669208338027,Austria
Forestry,2011,18062.06297469264,9301538.430854527,Austria
Forestry,2014,9833.81893749318,4945386.060932332,Austria
Wildfire,2017,13.690108088398437,5673.3744720328295,Austria
Urbanization,2018,5.430431863556858,2706.3770108040394,Austria
Unknown,2013,6.894906653361546,2504.1988634419213,Austria
Forestry,2017,18355.993829579093,9960786.509661783,Austria
Unknown,2018,26.849032125123706,11141.537162875737,Austria
Forestry,2015,7911.86008307462,4176291.89647133,Austria
Forestry,2009,15829.847998414867,7743390.126722232,Austria
Unknown,2007,18.237933526521267,6824.929437962149,Austria
Unknown,2009,35.13720316107421,11849.687069433736,Austria
Wildfire,2019,35.5174278535286,14854.11722419936,Austria
Unknown,2022,12.62034483985026,5946.78061075412,Austria
Forestry,2018,26254.63066337833,14926705.189419014,Austria
Urbanization,2023,5.837537545236545,3579.3103740246434,Austria
Unknown,2017,26.701660483843316,10463.328510084086,Austria
Forestry,2007,31627.766910128652,15447090.393448025,Austria
Wildfire,2006,12.12387698238065,3965.4371331140956,Austria
Urbanization,2017,9.304127868444013,4636.068279531835,Austria
Wildfire,2002,10.626895781269535,3670.3327113963087,Austria
Wildfire,2023,5.416971223109809,2527.1930635384138,Austria
Unknown,2014,15.633409361974826,5929.307317757939,Austria
Urbanization,2004,9.818837490006512,4207.434632787709,Austria
Urbanization,2011,4.135097228196613,2025.3290470967663,Austria
Forestry,2006,12549.182197988692,6056334.437633371,Austria
Urbanization,2002,12.30613728119141,5420.786390409376,Austria
Urbanization,2010,9.558419274431424,4675.154096508129,Austria
Wildfire,2022,6.660864503752171,3022.5132742158776,Austria
Forestry,2016,17174.778053212136,9277267.804835903,Austria
Urbanization,2014,8.62944955668837,4161.0023311824325,Austria
Forestry,2002,10853.675539554593,4469376.948650456,Austria
Urbanization,2006,4.33715589577474,1812.4878441591222,Austria
Unknown,2023,9.067973059581165,3910.7830954949713,Austria
Wildfire,2010,8.534361168253039,3362.0022726688367,Austria
Unknown,2002,25.541304438335505,7911.983988133991,Austria
Forestry,2019,33515.08757976221,18527696.287459582,Austria
Urbanization,2012,5.265968709863281,2398.01062978134,Austria
Urbanization,2008,21.86117515285372,10327.926711568176,Austria
Wildfire,2007,8.327035097756076,3214.1682176814265,Austria
Urbanization,2003,9.304505293001302,3797.0684415952696,Austria
Unknown,2003,6.416511442152778,2150.992222180947,Austria
Unknown,2016,15.375407000340713,5844.507774387299,Austria
Urbanization,2016,5.892048223151042,2904.4684094658323,Austria
Unknown,2006,17.890162610720488,5589.990870025389,Austria
Urbanization,2001,7.2869511552387145,2856.3171998042044,Austria
Unknown,2020,33.57075177331597,13497.626099956175,Austria
Urbanization,2009,14.83799893198568,6782.4095126016055,Austria
Urbanization,2007,15.358048898072916,6699.27729178681,Austria
Urbanization,2022,5.579041265842014,3173.1251084399673,Austria
Wildfire,2009,7.291361704097223,2832.3763252819217,Austria
Wildfire,2001,7.959149436460504,2515.3179798854303,Austria
Forestry,2001,6901.280206080413,2781181.412994887,Austria
Wildfire,2005,19.914487216104572,7076.346835923329,Austria
Forestry,2003,14446.038382825014,5797411.780477285,Austria
Forestry,2013,7630.382192670856,3831543.13019228,Austria
Wildfire,2004,16.162176167931865,5240.678653096676,Austria
Unknown,2021,28.192852770473102,11008.976757732042,Austria
Forestry,2010,16669.880747133477,7988264.91570079,Austria
Wildfire,2011,7.127877757411024,2840.2877664185853,Austria
Wildfire,2003,13.935426838546006,4494.330055754339,Austria
Wildfire,2016,14.247679319969633,5785.725859651002,Austria
Wildfire,2021,14.854403399498711,6817.086632171639,Austria
Wildfire,2015,10.162698584670142,3867.4746835410497,Austria
Unknown,2015,7.415513409663629,2881.448315479443,Austria
Unknown,2001,9.742701176898873,3145.9965976168096,Austria
Forestry,2012,11113.23437512259,5667668.871703911,Austria
Forestry,2022,19840.201979796133,11319122.743000275,Austria
Urbanization,2013,6.40951342860243,2709.1057656742037,Austria
Unknown,2005,24.522861846610237,7228.891811258748,Austria
Urbanization,2019,16.999520960839853,9288.577614842261,Austria
Wildfire,2013,1.655199900592448,624.2197166437951,Austria
Forestry,2004,14559.179313702209,6317640.669421526,Austria
Urbanization,2020,6.712498863815103,3751.323121734136,Austria
Wildfire,2014,11.48681485572483,4763.1273473938445,Austria
Forestry,2023,26483.65281763558,15705303.154568486,Austria
Urbanization,2005,15.558069746243492,6682.327542207684,Austria
Wildfire,2020,14.748570032649742,6950.989154779798,Austria
Unknown,2004,14.244439957413197,4691.022924250258,Austria
Wildfire,2008,13.0916541703494,4990.367503109328,Austria
Wildfire,2018,23.182816319746138,10258.93943775808,Austria
Unknown,2012,8.760000208841145,3336.9233098372442,Czech Republic
Forestry,2021,56033.98459043794,31801249.00164903,Czech Republic
Shifting agriculture,2019,1.8388788472135416,957.3636370992116,Czech Republic
Forestry,2020,98712.5699140267,55674639.25693261,Czech Republic
Unknown,2019,46.40169292674479,21259.223344686565,Czech Republic
Forestry,2005,25462.451123362975,11098964.976250159,Czech Republic
Urbanization,2021,6.154406845407989,3111.856814089171,Czech Republic
Unknown,2011,28.746909531002604,11128.00457194056,Czech Republic
Forestry,2008,16736.8149706664,7720829.8983056145,Czech Republic
Unknown,2008,14.002222073194444,5122.6567765064465,Czech Republic
Shifting agriculture,2011,5.21725355528212,2059.6803172561686,Czech Republic
Shifting agriculture,2005,3.8756944995269103,1723.4776821256298,Czech Republic
Unknown,2010,14.741209231608073,5040.670156352838,Czech Republic
Shifting agriculture,2002,1.1920124779622394,438.18084397773896,Czech Republic
Urbanization,2015,0.5048880495638021,222.15884695076613,Czech Republic
Wildfire,2012,103.77448930884547,50879.839703959915,Czech Republic
Forestry,2011,21722.86454919963,10312332.222553426,Czech Republic
Forestry,2014,13825.73862678208,6749126.152865084,Czech Republic
Wildfire,2017,76.91021005905814,39463.97575553448,Czech Republic
Urbanization,2018,4.201261333309462,2121.5852321798034,Czech Republic
Unknown,2013,4.215151925870225,1671.504549022706,Czech Republic
Forestry,2017,26414.651629382486,14364348.179587461,Czech Republic
Unknown,2018,13.23880685610894,5315.339510011744,Czech Republic
Forestry,2015,7985.563695195982,4031888.002418448,Czech Republic
Forestry,2009,13454.545387050575,6388489.706634737,Czech Republic
Unknown,2007,14.994229092428384,4634.549390039941,Czech Republic
Unknown,2009,9.186275785151913,3311.5085948714827,Czech Republic
Wildfire,2019,1188.2486026929384,656131.4388970227,Czech Republic
Unknown,2022,7.718165065381946,3754.6537544064217,Czech Republic
Forestry,2018,38908.94389511002,21520790.00084498,Czech Republic
Urbanization,2023,0.6546133731011284,253.17715211890476,Czech Republic
Unknown,2017,15.931055878969184,6335.630859371135,Czech Republic
Shifting agriculture,2007,1.2918914518142364,453.3744799032715,Czech Republic
Forestry,2007,21163.642258505293,9762968.560657749,Czech Republic
Wildfire,2006,33.38706534455513,14304.886827533188,Czech Republic
Shifting agriculture,2023,2.23687663843967,2363.2302725715094,Czech Republic
Urbanization,2017,3.5347757608116326,1771.7959968569153,Czech Republic
Shifting agriculture,2016,0.8443643645898438,414.407569866003,Czech Republic
Wildfire,2002,59.190589546675355,24170.613337705247,Czech Republic
Wildfire,2023,25.77733056680339,14608.455194119962,Czech Republic
Shifting agriculture,2018,2.283688788773872,984.7648828473558,Czech Republic
Unknown,2014,12.38504062796875,4850.3496487827015,Czech Republic
Urbanization,2004,3.7907418214344606,1322.2851476810051,Czech Republic
Urbanization,2011,8.929441040902779,4189.3433344505675,Czech Republic
Forestry,2006,8561.445993121304,3774881.2420673613,Czech Republic
Urbanization,2002,1.3127971438780384,485.1956091064334,Czech Republic
Urbanization,2010,2.734215842128904,1033.1686852583664,Czech Republic
Wildfire,2022,69.66235850479387,37147.383767493266,Czech Republic
Shifting agriculture,2006,1.3405833515972223,485.72855643791945,Czech Republic
Forestry,2016,22688.97896843468,12030873.366512692,Czech Republic
Urbanization,2014,2.1745228040277778,971.3383907751328,Czech Republic
Shifting agriculture,2008,0.7455464473328994,309.04867101692435,Czech Republic
Forestry,2002,6695.453267229289,2705885.617224291,Czech Republic
Shifting agriculture,2015,0.0994805161328125,42.12149197805286,Czech Republic
Urbanization,2006,4.088701393949653,1555.9369363793303,Czech Republic
Unknown,2023,5.51182394093967,2500.599680877912,Czech Republic
Wildfire,2010,46.10562757455729,21694.35288194554,Czech Republic
Unknown,2002,9.289241806870661,3335.1416195440715,Czech Republic
Forestry,2019,72030.77071465287,39546706.6662103,Czech Republic
Urbanization,2012,6.631261870963547,2761.9225583529096,Czech Republic
Urbanization,2008,5.142623073085939,1959.691641835866,Czech Republic
Shifting agriculture,2021,1.5905062323741321,885.2417666939112,Czech Republic
Wildfire,2007,141.59357027042742,69142.73985005457,Czech Republic
Urbanization,2003,2.025799498782552,862.0099186872394,Czech Republic
Shifting agriculture,2004,2.0371534813519965,797.1446996305132,Czech Republic
Shifting agriculture,2020,1.4914392672721353,673.6155988547548,Czech Republic
Shifting agriculture,2009,2.136122502354601,903.9779438166532,Czech Republic
Unknown,2003,3.724549340030382,1133.9235675801528,Czech Republic
Unknown,2016,18.578595484414066,7673.144913352681,Czech Republic
Urbanization,2016,2.8189401866449657,1113.4672374876063,Czech Republic
Unknown,2006,6.424911212235243,2063.9970513665057,Czech Republic
Urbanization,2001,1.772295453519965,618.2589886173992,Czech Republic
Unknown,2020,37.947707835881076,17031.32618782298,Czech Republic
Urbanization,2009,4.0455750312499985,1565.1653650920055,Czech Republic
Urbanization,2007,3.572894604882813,1288.087670418748,Czech Republic
Urbanization,2022,5.225788010655381,2653.6571556796453,Czech Republic
Wildfire,2009,44.3811192366211,20961.11290190376,Czech Republic
Wildfire,2001,15.962210844203561,6168.75337777802,Czech Republic
Forestry,2001,3434.893633975019,1306044.309754239,Czech Republic
Wildfire,2005,58.13772386628471,24628.76528980114,Czech Republic
Forestry,2003,3900.971416565944,1646590.3845869151,Czech Republic
Forestry,2013,7606.974579600031,3608628.878038656,Czech Republic
Wildfire,2004,127.50209586882599,54958.990790173215,Czech Republic
Unknown,2021,13.268992205657552,5816.758384050405,Czech Republic
Forestry,2010,15370.847269293788,7376532.101372494,Czech Republic
Shifting agriculture,2012,2.2359934119444445,1028.5594111495122,Czech Republic
Wildfire,2011,87.5267183232031,40601.71963062355,Czech Republic
Wildfire,2003,18.55620590333117,7968.481583729173,Czech Republic
Wildfire,2016,97.27078355663632,48491.780958187286,Czech Republic
Wildfire,2021,237.53714871888022,134662.55496385062,Czech Republic
Wildfire,2015,53.60956932608075,25714.117291056325,Czech Republic
Unknown,2015,7.214923614483507,2964.948542858857,Czech Republic
Unknown,2001,4.731872190201823,1358.7559546677385,Czech Republic
Forestry,2012,13884.851064478058,6808471.498241381,Czech Republic
Forestry,2022,34673.5577254112,19988558.99505181,Czech Republic
Urbanization,2013,0.9118707519726564,396.98312775436034,Czech Republic
Unknown,2005,24.083370991115448,8927.80625799711,Czech Republic
Urbanization,2019,27.93937482437717,14391.477143881417,Czech Republic
Wildfire,2013,46.52699616495008,21824.381220705993,Czech Republic
Forestry,2004,13296.276101278754,5519483.28026203,Czech Republic
Urbanization,2020,27.207551170989607,14134.295708555019,Czech Republic
Shifting agriculture,2013,0.24824371583984375,78.47816738808507,Czech Republic
Wildfire,2014,96.77925486561847,46073.909863724744,Czech Republic
Forestry,2023,24358.89901248325,14001630.933459925,Czech Republic
Urbanization,2005,11.628497273174917,4228.511093737589,Czech Republic
Shifting agriculture,2022,0.19885319771918403,117.45530684742604,Czech Republic
Wildfire,2020,1479.0188882548775,812972.9158567113,Czech Republic
Shifting agriculture,2001,2.7825730425846347,1063.059547816627,Czech Republic
Shifting agriculture,2010,7.206925463973536,3154.158931570665,Czech Republic
Unknown,2004,24.08476413491753,8203.77564722673,Czech Republic
Shifting agriculture,2017,0.8951595781206598,446.60978497284606,Czech Republic
Wildfire,2008,115.80464844609803,55238.09150980409,Czech Republic
Wildfire,2018,277.7215276657444,148183.66693644787,Czech Republic
Shifting agriculture,2014,2.532714501241319,1086.756405521652,Czech Republic
Unknown,2012,185.64604855557724,78129.7915127716,Germany
Forestry,2021,201235.84789795344,121682207.4047453,Germany
Forestry,2020,184696.8918120152,111872639.11263745,Germany
Unknown,2019,403.8380282606619,189271.40274842404,Germany
Forestry,2005,39057.317261683325,17721855.50373095,Germany
Urbanization,2021,131.13966287685545,81982.51771122465,Germany
Unknown,2011,183.199519533533,76130.7544634308,Germany
Forestry,2008,60923.405381772645,30524334.210463237,Germany
Unknown,2008,262.08336297444015,98324.40996165537,Germany
Unknown,2010,404.40585512401265,171276.8543278105,Germany
Urbanization,2015,37.37647867715061,20633.924314860185,Germany
Wildfire,2012,254.47580840276038,116514.40913085021,Germany
Forestry,2011,33692.97396780197,16618418.569291811,Germany
Forestry,2014,20512.654156971763,10010658.432801781,Germany
Wildfire,2017,276.0870037890321,131439.4971661517,Germany
Urbanization,2018,75.78612339927734,45766.58132107669,Germany
Unknown,2013,78.90682909559246,29284.12508724372,Germany
Forestry,2017,32467.892425649432,17262691.6002094,Germany
Unknown,2018,203.11670274526045,87812.44987658103,Germany
Forestry,2015,12709.758712437839,6638847.97091596,Germany
Forestry,2009,28274.06757959917,14063893.74015796,Germany
Unknown,2007,127.41175299103517,51480.00807294655,Germany
Unknown,2009,169.5925494459028,65931.8777237895,Germany
Wildfire,2019,1627.6401316158986,799859.8016973222,Germany
Unknown,2022,214.54525704277347,104348.68987004514,Germany
Forestry,2018,51307.378260696976,29508852.098877426,Germany
Urbanization,2023,92.30948609047302,56164.17994088688,Germany
Unknown,2017,191.85426436888457,82390.88657241437,Germany
Forestry,2007,92573.71054546168,46467253.62909686,Germany
Wildfire,2006,278.2983302648025,112373.6708032586,Germany
Urbanization,2017,64.44498774291884,36718.58356444913,Germany
Wildfire,2002,111.0597995495356,41411.91523953659,Germany
Wildfire,2023,263.5055445927301,133084.50680434966,Germany
Unknown,2014,242.59125544945323,93462.803440608,Germany
Urbanization,2004,85.05637062466147,45374.55386577679,Germany
Urbanization,2011,53.747287925043395,29065.890465504166,Germany
Forestry,2006,42033.73918628724,20069250.067617383,Germany
Urbanization,2002,41.76671264643012,21645.96086395392,Germany
Urbanization,2010,163.0742398962955,91672.16106217977,Germany
Wildfire,2022,393.2280673876086,201656.60710859165,Germany
Forestry,2016,26479.854251854198,14077424.749543019,Germany
Urbanization,2014,29.276465353187938,14258.72438124261,Germany
Forestry,2002,15045.862100418153,6369172.1695640525,Germany
Urbanization,2006,89.081737476977,50445.38826082263,Germany
Unknown,2023,66.12291340419056,32388.277891798753,Germany
Wildfire,2010,644.4985050736524,304708.18082482176,Germany
Unknown,2002,104.57376227818794,34535.69826034288,Germany
Forestry,2019,105994.26138435183,61007270.84980044,Germany
Urbanization,2012,49.54447892686849,27051.05426619658,Germany
Urbanization,2008,121.75253071936417,63025.518567061416,Germany
Wildfire,2007,394.4522353110308,173843.80381979735,Germany
Urbanization,2003,16.360295566818575,7606.300344505528,Germany
Unknown,2003,49.5823048930382,16698.146480150444,Germany
Unknown,2016,157.64028845267796,67000.08094727149,Germany
Urbanization,2016,56.14122429307073,31441.84015660009,Germany
Unknown,2006,251.7656147995378,94653.41293955932,Germany
Urbanization,2001,38.29329617836155,16723.88989374671,Germany
Unknown,2020,347.76413414434467,166678.63280255644,Germany
Urbanization,2009,40.938474937671444,21746.233485111075,Germany
Urbanization,2007,128.0504888782857,72011.07938238731,Germany
Urbanization,2022,78.28162788577033,49233.915757994495,Germany
Wildfire,2009,276.9444477922222,120983.53863077264,Germany
Wildfire,2001,145.1301026054427,50108.48325898986,Germany
Forestry,2001,14939.552259459935,6025268.141334559,Germany
Wildfire,2005,378.4408426789324,141741.36652078017,Germany
Forestry,2003,6329.179671153556,2888233.5106708948,Germany
Forestry,2013,15253.71240178415,7281543.211836443,Germany
Wildfire,2004,248.3142552428602,96020.63641443834,Germany
Unknown,2021,296.41782392289724,139708.21073731838,Germany
Forestry,2010,74466.01750782094,38644653.57893768,Germany
Wildfire,2011,341.6312703057814,138843.02625239745,Germany
Wildfire,2003,53.495259803569866,18904.26526754794,Germany
Wildfire,2016,183.42343908380647,83790.72939002575,Germany
Wildfire,2021,614.4124079841712,337711.5952841874,Germany
Wildfire,2015,97.95877392153648,45086.8771461672,Germany
Unknown,2015,84.39893252528864,34224.97680756807,Germany
Unknown,2001,163.40490964452042,54036.48134847159,Germany
Forestry,2012,25517.687615557985,12882616.787288535,Germany
Forestry,2022,85763.92114750453,50785581.28876793,Germany
Urbanization,2013,22.360668547265625,10394.971116386676,Germany
Unknown,2005,216.25624441785592,75350.36668308449,Germany
Urbanization,2019,206.77126291868728,126066.93945143333,Germany
Wildfire,2013,144.3886204890973,60318.43314122305,Germany
Forestry,2004,44392.359901016556,20101258.06420247,Germany
Urbanization,2020,188.39399923789267,119469.4840443487,Germany
Wildfire,2014,384.82133028473095,153922.94995982788,Germany
Forestry,2023,122515.40765904127,73905711.47979832,Germany
Urbanization,2005,86.48719419584853,44692.335999394614,Germany
Wildfire,2020,1706.5872485721763,964534.1410459847,Germany
Unknown,2004,214.25127640979818,76206.196294203,Germany
Wildfire,2008,388.92981031719836,170307.33846305648,Germany
Wildfire,2018,650.9443687143862,371321.8612448919,Germany
Unknown,2012,96.12961854376952,34794.891695885315,Hungary
Forestry,2021,13656.926329649805,6051314.12472697,Hungary
Forestry,2020,11895.165302075418,4975366.772253419,Hungary
Unknown,2019,122.06093704305118,44708.29913341316,Hungary
Forestry,2005,10296.787217894116,3778139.1536715585,Hungary
Urbanization,2021,10.454221995978735,4573.388346831856,Hungary
Unknown,2011,46.26325536726347,16423.540632160886,Hungary
Forestry,2008,8839.100675621738,3360101.0266205976,Hungary
Unknown,2008,59.06209758259549,21282.610904935562,Hungary
Unknown,2010,92.4369434744987,33784.99488329709,Hungary
Urbanization,2015,13.550601800390625,5680.728931777252,Hungary
Wildfire,2012,51.317251822866794,20766.045416015746,Hungary
Forestry,2011,8158.681779845464,3231450.2908155457,Hungary
Forestry,2014,14984.553676334675,5894993.134772748,Hungary
Wildfire,2017,30.821418942907993,12909.637833208855,Hungary
Urbanization,2018,19.692608048632824,7844.91947703424,Hungary
Unknown,2013,38.793326684375,13606.239434445024,Hungary
Forestry,2017,13973.88020706409,5650312.535956377,Hungary
Unknown,2018,74.76861020343317,27898.43794411771,Hungary
Forestry,2015,10615.711652629678,4236683.990485779,Hungary
Forestry,2009,9948.519079747197,3835197.979351799,Hungary
Unknown,2007,113.94029495047744,42547.5243766201,Hungary
Unknown,2009,85.40209950195965,30147.228399915406,Hungary
Wildfire,2019,10.717126007400177,4135.173736424547,Hungary
Unknown,2022,76.22624492485028,33400.42087290274,Hungary
Forestry,2018,13688.303074110412,5612556.417120573,Hungary
Urbanization,2023,38.93898401729818,17923.30671999661,Hungary
Unknown,2017,84.7416870253494,29154.23565245334,Hungary
Forestry,2007,9218.756468390666,3488188.8031288153,Hungary
Wildfire,2006,16.08273929183593,6329.001957720912,Hungary
Urbanization,2017,19.373601488550335,7608.990152402884,Hungary
Wildfire,2002,4.445353434581164,1128.3082137279634,Hungary
Wildfire,2023,1.9101237569444445,792.8458121473484,Hungary
Unknown,2014,116.04400426158206,40000.7164352278,Hungary
Urbanization,2004,10.72966256148221,4025.0137044270214,Hungary
Urbanization,2011,5.347512044474824,1955.5023533810122,Hungary
Forestry,2006,7921.406387047655,2975213.8729527616,Hungary
Urbanization,2002,8.221507491523436,2937.971968968083,Hungary
Urbanization,2010,12.208507554240448,4829.422785151664,Hungary
Wildfire,2022,13.007555395750874,5963.157053699722,Hungary
Forestry,2016,13902.294033140855,5516811.718704003,Hungary
Urbanization,2014,25.48205457686848,9866.563372714818,Hungary
Forestry,2002,7637.966305415121,2666673.5986233186,Hungary
Urbanization,2006,13.858705934290365,5038.478691798167,Hungary
Unknown,2023,17.697852774134116,6945.940761153943,Hungary
Wildfire,2010,28.72705397312066,11158.563727484,Hungary
Unknown,2002,60.404203272146276,18785.769563147427,Hungary
Forestry,2019,14250.002447582365,5905597.561993538,Hungary
Urbanization,2012,10.634347981165362,4383.991248451481,Hungary
Urbanization,2008,2.464433948708767,863.0603163017115,Hungary
Wildfire,2007,15.126828047170138,5363.487652132454,Hungary
Urbanization,2003,8.014445451132813,2496.1620181867092,Hungary
Unknown,2003,29.750584749715713,9740.551476406568,Hungary
Unknown,2016,68.09189152317708,23513.1476196583,Hungary
Urbanization,2016,17.118438699835067,6841.329419413983,Hungary
Unknown,2006,38.58687799976129,13107.145386484774,Hungary
Urbanization,2001,6.078232454913197,2229.5626025566935,Hungary
Unknown,2020,75.46504978777344,29841.966143596568,Hungary
Urbanization,2009,18.353412334542117,7034.975884734231,Hungary
Urbanization,2007,13.247685757141928,4320.186136765011,Hungary
Urbanization,2022,8.919311381397579,3829.6329018068845,Hungary
Wildfire,2009,20.192652850930994,7355.583912624759,Hungary
Wildfire,2001,6.118816884292536,2404.814780701006,Hungary
Forestry,2001,7463.7003186736265,2575090.293351915,Hungary
Wildfire,2005,32.27187836791888,11959.061991639634,Hungary
Forestry,2003,5687.96612592549,2047931.973924288,Hungary
Forestry,2013,8895.556211438785,3505846.493379499,Hungary
Wildfire,2004,30.2547589139605,14729.879632983322,Hungary
Unknown,2021,51.37193637373045,19302.9089408469,Hungary
Forestry,2010,11122.11535477501,4361840.681521641,Hungary
Wildfire,2011,14.983222021215312,6030.753007550346,Hungary
Wildfire,2003,7.291576603496098,2456.032051570616,Hungary
Wildfire,2016,33.17063715386068,13736.9737828455,Hungary
Wildfire,2021,34.14671012021481,12878.327231899964,Hungary
Wildfire,2015,14.522778445646697,5343.036690584908,Hungary
Unknown,2015,76.2278399233051,26782.768185827525,Hungary
Unknown,2001,46.16196380706598,14241.31492114604,Hungary
Forestry,2012,11763.777054909096,4659158.718323739,Hungary
Forestry,2022,14707.305050193769,6573058.466349534,Hungary
Urbanization,2013,15.759421450976546,6176.37103942778,Hungary
Unknown,2005,60.604678804464015,20727.37561208505,Hungary
Urbanization,2019,15.174278329880647,6285.7630550180975,Hungary
Wildfire,2013,1.8197087070421007,751.6937564349292,Hungary
Forestry,2004,11911.243899380244,4365483.092043836,Hungary
Urbanization,2020,10.891754559555121,4106.477513158114,Hungary
Wildfire,2014,13.868144885716143,5104.428153720233,Hungary
Forestry,2023,19650.289636086156,8806960.556473766,Hungary
Urbanization,2005,8.481686506742625,3012.3935401842964,Hungary
Wildfire,2020,32.044097556046026,14880.387271312375,Hungary
Unknown,2004,56.28081384129341,18753.107772692616,Hungary
Wildfire,2008,10.97577816814453,4281.789777970181,Hungary
Wildfire,2018,16.01674425498698,6291.4543981934685,Hungary
Unknown,2012,144.69533055370226,52122.47075105063,Poland
Forestry,2021,77307.88016806808,34829130.721332215,Poland
Forestry,2020,74687.99321596937,32775455.990165837,Poland
Unknown,2019,139.68665232969838,57323.35100917866,Poland
Forestry,2005,81920.91352821245,26851008.861399762,Poland
Urbanization,2021,13.06402467861979,6531.971513045228,Poland
Unknown,2011,126.6495718653776,47771.462588636605,Poland
Forestry,2008,47739.88721228448,16782902.971367497,Poland
Unknown,2008,123.65269021403213,41204.80695058753,Poland
Unknown,2010,257.5283745190994,90822.02273868857,Poland
Urbanization,2015,13.626310672089849,4696.842132997375,Poland
Wildfire,2012,67.48892495205295,25485.587948218126,Poland
Forestry,2011,56418.09330715479,21277191.491837997,Poland
Forestry,2014,56083.22064880485,21572177.450438343,Poland
Wildfire,2017,116.36986240757811,47435.60937092705,Poland
Urbanization,2018,18.300911810930995,6433.452327318842,Poland
Unknown,2013,44.13658575553386,15635.857567394234,Poland
Forestry,2017,95898.32089945713,38973214.66643953,Poland
Unknown,2018,156.56139874357638,62554.65616751214,Poland
Forestry,2015,42601.78305029214,16599790.547750851,Poland
Forestry,2009,46683.63774065705,16489681.428024272,Poland
Unknown,2007,157.47186844682943,51539.59715643385,Poland
Unknown,2009,134.17423891424696,46410.21382956371,Poland
Wildfire,2019,81.68904083954645,34630.31220119219,Poland
Unknown,2022,120.9594114501519,53220.361639632174,Poland
Forestry,2018,96573.76245962433,39775778.75376831,Poland
Urbanization,2023,21.344666220149737,9128.178523389946,Poland
Unknown,2017,201.9520775033876,76851.60962122589,Poland
Forestry,2007,57070.93718783799,19555371.732887562,Poland
Wildfire,2006,51.0618559346593,17697.43374786279,Poland
Urbanization,2017,35.110957390329865,12328.17144485226,Poland
Wildfire,2002,44.857896152526045,13809.042820226097,Poland
Wildfire,2023,47.821999923528615,22943.479341372655,Poland
Unknown,2014,99.59830177170574,35614.815480043,Poland
Urbanization,2004,10.987410943511284,3449.7991183622376,Poland
Urbanization,2011,29.44666286553385,11419.137103366264,Poland
Forestry,2006,37477.73700763398,12175270.451974783,Poland
Urbanization,2002,30.718222142081153,8923.33699312335,Poland
Urbanization,2010,61.113126737721316,21173.195476526966,Poland
Wildfire,2022,85.78342553261498,39830.518517024204,Poland
Forestry,2016,86217.63753999732,34468741.93448478,Poland
Urbanization,2014,15.337401349112415,5242.694885826105,Poland
Forestry,2002,30886.274845495576,9187498.226805292,Poland
Urbanization,2006,10.77445848095703,3335.6683806057404,Poland
Unknown,2023,41.57655276712023,19884.766072875915,Poland
Wildfire,2010,138.48299054792525,52689.916248816975,Poland
Unknown,2002,108.28882658497395,31542.728015526347,Poland
Forestry,2019,76485.23414308186,32918409.529281735,Poland
Urbanization,2012,48.51307281685753,18643.051786292963,Poland
Urbanization,2008,10.29530959951172,3489.1341529960587,Poland
Wildfire,2007,69.81820086287979,23745.523856661486,Poland
Urbanization,2003,4.836641014112414,1227.894816709147,Poland
Unknown,2003,92.63568049896048,25343.3605876422,Poland
Unknown,2016,152.5102989849349,56216.30384646426,Poland
Urbanization,2016,25.023122765125866,10200.425717605875,Poland
Unknown,2006,140.76377209081815,43082.66135438242,Poland
Urbanization,2001,4.828042967309028,1240.0450356234312,Poland
Unknown,2020,155.00725803440972,62875.417668218135,Poland
Urbanization,2009,21.974129204876306,6993.86707528598,Poland
Urbanization,2007,12.76932547627387,3886.964137182896,Poland
Urbanization,2022,20.275492426393225,8925.617853432444,Poland
Wildfire,2009,85.99815663812066,29279.394313368408,Poland
Wildfire,2001,35.808903442703986,10221.03045959584,Poland
Forestry,2001,18910.926017232232,5419484.760537912,Poland
Wildfire,2005,116.7900665371354,38246.309188458006,Poland
Forestry,2003,33143.35306206789,9762984.053579688,Poland
Forestry,2013,34919.01913858889,13066467.745673314,Poland
Wildfire,2004,46.67467469591147,14252.6072479556,Poland
Unknown,2021,141.72181160860026,61017.73519415437,Poland
Forestry,2010,71378.0500611801,26078592.779084913,Poland
Wildfire,2011,75.99129285661026,29461.32037522348,Poland
Wildfire,2003,52.16658592342232,16506.920279381164,Poland
Wildfire,2016,115.16617084991536,48302.237545054515,Poland
Wildfire,2021,105.42241886666883,49735.98683738477,Poland
Wildfire,2015,55.71885905764102,20806.643595916248,Poland
Unknown,2015,71.53850934402777,24734.017836882587,Poland
Unknown,2001,114.53911154425563,33005.98506503615,Poland
Forestry,2012,54635.470676046454,20580578.544197343,Poland
Forestry,2022,71966.10005978044,33028244.983866565,Poland
Urbanization,2013,14.784443617285158,4867.217977337417,Poland
Unknown,2005,265.66881989926003,83927.75504363888,Poland
Urbanization,2019,14.331451520939673,5352.046726775935,Poland
Wildfire,2013,36.65239614027344,13693.553209037287,Poland
Forestry,2004,41664.87138009352,12667277.881387742,Poland
Urbanization,2020,7.561990464192708,3087.3115709307735,Poland
Wildfire,2014,81.316843787704,32473.267594617522,Poland
Forestry,2023,76026.99608352929,35934859.48508724,Poland
Urbanization,2005,75.19825121817024,22392.89748008912,Poland
Wildfire,2020,108.32754984119357,49365.86039338064,Poland
Unknown,2004,151.3062828650716,43094.45826761695,Poland
Wildfire,2008,67.22500624578342,23056.813444777672,Poland
Wildfire,2018,97.22147387280596,40840.59561810563,Poland
Unknown,2012,44.808118814561624,18817.997511625374,Slovakia
Forestry,2021,6066.462461420711,3654004.1683295923,Slovakia
Shifting agriculture,2019,0.966732134375,479.8012820519659,Slovakia
Forestry,2020,11871.053740412797,6954989.74379835,Slovakia
Unknown,2019,18.474362927102863,7720.44244739275,Slovakia
Forestry,2005,24201.681404415045,10327258.231035633,Slovakia
Urbanization,2021,0.9718189215559896,546.3867334830138,Slovakia
Unknown,2011,19.379366725661896,8297.72899334997,Slovakia
Forestry,2008,12852.236150439208,6015190.099757217,Slovakia
Unknown,2008,31.78275217839844,12163.459727114448,Slovakia
Shifting agriculture,2011,17.139417526686213,8988.299202347123,Slovakia
Shifting agriculture,2005,3.561285344650608,1607.3025245658725,Slovakia
Unknown,2010,43.47651136832683,18229.318359983765,Slovakia
Shifting agriculture,2002,2.136429342304688,847.247675335178,Slovakia
Urbanization,2015,2.5577135801888025,843.9613019510531,Slovakia
Wildfire,2012,110.40558706788852,45461.6102965225,Slovakia
Shifting agriculture,2003,1.0171025275542538,359.7606255275236,Slovakia
Forestry,2011,11102.850310321024,5285107.966776096,Slovakia
Forestry,2014,17101.013330721064,8499772.851115262,Slovakia
Wildfire,2017,138.71539208701608,64176.88738689885,Slovakia
Urbanization,2018,0.3066994974674479,119.07898504838248,Slovakia
Unknown,2013,34.88184267120443,14951.694813406057,Slovakia
Forestry,2017,14000.084583045194,7570682.060572025,Slovakia
Unknown,2018,23.654762308059897,10337.107244231129,Slovakia
Forestry,2015,5216.38041805794,2677747.393539657,Slovakia
Forestry,2009,10722.46867700552,5020140.484894136,Slovakia
Unknown,2007,43.31591684137805,16922.919272751526,Slovakia
Unknown,2009,60.96271327726126,25230.3075455209,Slovakia
Wildfire,2019,71.83670311320748,34233.38204662677,Slovakia
Unknown,2022,23.230754894414062,10262.246156692107,Slovakia
Forestry,2018,17498.65029630925,9869165.421814118,Slovakia
Unknown,2017,66.26822146725479,28636.99940664472,Slovakia
Shifting agriculture,2007,3.967497829398872,1770.1092481376706,Slovakia
Forestry,2007,9112.973815708607,4266563.832667546,Slovakia
Wildfire,2006,558.8009333751827,243105.8718666966,Slovakia
Shifting agriculture,2023,8.650928061134982,5496.785466204215,Slovakia
Urbanization,2017,0.4602574059635417,143.37696272253882,Slovakia
Shifting agriculture,2016,7.022652128526481,2998.6969702479105,Slovakia
Wildfire,2002,75.11137016136718,29858.355451842952,Slovakia
Wildfire,2023,9.325962970629341,4589.795338688858,Slovakia
Shifting agriculture,2018,12.72145017457682,6339.181301330596,Slovakia
Unknown,2014,39.629052601265194,15681.724867269415,Slovakia
Urbanization,2004,0.971586810499132,343.7352696691547,Slovakia
Urbanization,2011,0.15336972691189238,79.55972454311994,Slovakia
Forestry,2006,7435.440202665971,3336586.7484567272,Slovakia
Urbanization,2002,1.891383730364583,652.8937135924314,Slovakia
Urbanization,2010,0.3580940241059028,159.4472298076116,Slovakia
Wildfire,2022,5.0698991665494795,3337.703221394843,Slovakia
Shifting agriculture,2006,1.6790138680186628,679.8665855524794,Slovakia
Forestry,2016,16778.4898142426,8977763.965918416,Slovakia
Urbanization,2014,1.994769625753038,762.1327786525769,Slovakia
Shifting agriculture,2008,4.881543606675346,2135.491523800534,Slovakia
Forestry,2002,3893.890831512647,1690614.1289720335,Slovakia
Shifting agriculture,2015,4.222275629440105,2070.136048364707,Slovakia
Urbanization,2006,2.403355679036457,944.0025910011768,Slovakia
Unknown,2023,13.140450233385415,6259.360652346188,Slovakia
Wildfire,2010,591.1143631444196,250780.03126818125,Slovakia
Unknown,2002,42.70248980898872,15622.013362702988,Slovakia
Forestry,2019,10230.800738446966,6062471.989615795,Slovakia
Urbanization,2008,3.016486781167534,1311.0447327922273,Slovakia
Shifting agriculture,2021,0.3559500750694445,191.6942127762325,Slovakia
Wildfire,2007,321.6302126226265,140191.11676235902,Slovakia
Urbanization,2003,0.25564711682074653,97.40094843143012,Slovakia
Shifting agriculture,2004,3.0018364213302946,1416.391457892633,Slovakia
Shifting agriculture,2020,10.572800794320756,4151.537383074323,Slovakia
Shifting agriculture,2009,3.15251229607639,1374.7394614564853,Slovakia
Unknown,2003,34.7133601927908,12776.752738789031,Slovakia
Unknown,2016,29.96099807204427,12091.100961240774,Slovakia
Urbanization,2016,0.05116041999131945,24.509898974046283,Slovakia
Unknown,2006,24.54340504368707,9752.992905248982,Slovakia
Urbanization,2001,0.3068939418402778,100.4269016882656,Slovakia
Unknown,2020,18.2914931506033,7576.512398964699,Slovakia
Urbanization,2009,1.0739289861002603,424.80820066419983,Slovakia
Urbanization,2007,3.9356022539388014,1556.9827962362028,Slovakia
Urbanization,2022,4.552519909624566,2059.7527142095155,Slovakia
Wildfire,2009,449.30505344051653,184258.3588236278,Slovakia
Wildfire,2001,152.08392744475015,54356.50166217669,Slovakia
Forestry,2001,3711.9725451970257,1477807.5098002336,Slovakia
Wildfire,2005,3406.5935497028568,1425562.0734222762,Slovakia
Forestry,2003,3574.479297759306,1498136.9773978454,Slovakia
Forestry,2013,4979.286733448536,2540797.589082655,Slovakia
Wildfire,2004,72.6973683961502,31715.293471188168,Slovakia
Unknown,2021,15.693915440944009,7210.811161949715,Slovakia
Forestry,2010,16464.49123144952,8028189.246935127,Slovakia
Shifting agriculture,2012,4.629183755863714,2231.3147094359847,Slovakia
Wildfire,2011,404.32308355668636,181564.7446267873,Slovakia
Wildfire,2003,139.53621782609994,65744.50636641764,Slovakia
Wildfire,2016,127.31970034048858,60074.17120226305,Slovakia
Wildfire,2021,14.166101694040798,6262.142775025627,Slovakia
Wildfire,2015,36.02138310974827,18975.294776288825,Slovakia
Unknown,2015,23.506970356608072,9435.83484170365,Slovakia
Unknown,2001,31.14727810681424,11242.825418726787,Slovakia
Forestry,2012,9009.738713679682,4523661.112093021,Slovakia
Forestry,2022,5173.592302506075,3190628.4284630804,Slovakia
Urbanization,2013,0.7158809171506078,266.02160570024193,Slovakia
Unknown,2005,60.1247905788889,22545.58765399215,Slovakia
Urbanization,2019,8.793407236278211,4401.5448396973525,Slovakia
Wildfire,2013,59.243263504552935,24994.660559707198,Slovakia
Forestry,2004,4504.863135479141,1998859.8473701542,Slovakia
Urbanization,2020,0.15347623738064237,72.94110266517706,Slovakia
Shifting agriculture,2013,2.2897192520312504,1034.6078325989645,Slovakia
Wildfire,2014,222.21466490454338,102610.10842165313,Slovakia
Forestry,2023,9820.414209579088,6179888.005092458,Slovakia
Urbanization,2005,2.453903215186633,792.9139079695045,Slovakia
Shifting agriculture,2022,0.25440853342881947,114.69216061936004,Slovakia
Wildfire,2020,47.107364361924915,22769.87199723445,Slovakia
Shifting agriculture,2001,1.8825142968033857,770.5883696911133,Slovakia
Shifting agriculture,2010,4.477373671453994,2241.1729973122588,Slovakia
Unknown,2004,43.3285466096658,16581.729221478192,Slovakia
Shifting agriculture,2017,7.47969630297743,3115.4230586343,Slovakia
Wildfire,2008,574.1968818410652,260684.48865251913,Slovakia
Wildfire,2018,163.21770773326196,79497.43186553846,Slovakia
Shifting agriculture,2014,1.5267109839605038,627.9879593673944,Slovakia
Unknown,2012,4.967286522519529,2624.027206020734,Slovenia
Forestry,2021,2209.785692190529,1328421.7383416356,Slovenia
Shifting agriculture,2019,6.768001746032989,5022.623064209857,Slovenia
Forestry,2020,3828.680708408057,2297144.030193351,Slovenia
Unknown,2019,2.456919730559896,1326.9575874975374,Slovenia
Forestry,2005,1860.5973046178362,849158.9476424863,Slovenia
Unknown,2011,0.2152099685373264,80.12343615779858,Slovenia
Forestry,2008,1822.6186162484953,902926.6175663664,Slovenia
Unknown,2008,4.113832840735677,1834.681189550432,Slovenia
Shifting agriculture,2011,3.516344503040364,2216.9786521523183,Slovenia
Shifting agriculture,2005,8.311380253383245,4881.41765926779,Slovenia
Unknown,2010,1.2842746245811634,555.6033651096453,Slovenia
Shifting agriculture,2002,1.9714715957400173,989.5939020437529,Slovenia
Wildfire,2012,15.922133482263453,8375.070766427027,Slovenia
Shifting agriculture,2003,0.7990351588324653,402.7932902936651,Slovenia
Forestry,2011,1421.1143187059024,743659.3158159289,Slovenia
Forestry,2014,4970.561636983405,2805436.84316915,Slovenia
Wildfire,2017,134.18009019872406,79140.61578301115,Slovenia
Unknown,2013,1.60270482905382,744.405417790169,Slovenia
Forestry,2017,4746.146229774968,2794869.6800202564,Slovenia
Unknown,2018,3.204998158567709,1765.1945439203994,Slovenia
Forestry,2015,921.3075429402718,517959.14391885867,Slovenia
Forestry,2009,1899.5539398479452,997064.598631077,Slovenia
Unknown,2007,2.4723490028689237,838.4364122775094,Slovenia
Unknown,2009,3.3234452326909727,1465.1589711046624,Slovenia
Wildfire,2019,50.01372598433592,29133.078471716788,Slovenia
Unknown,2022,6.307908239884984,3755.8784412770156,Slovenia
Forestry,2018,8032.606312660916,4773674.153076596,Slovenia
Unknown,2017,4.710550436586372,2478.493541272321,Slovenia
Shifting agriculture,2007,3.7300772476627615,2208.5904710278423,Slovenia
Forestry,2007,2057.9236193656543,946436.7478628812,Slovenia
Wildfire,2006,51.343235776004825,24871.821862212837,Slovenia
Shifting agriculture,2023,6.233883661536461,4401.749301905898,Slovenia
Shifting agriculture,2016,6.392297871163195,4291.442551151609,Slovenia
Wildfire,2002,30.800991457495662,12057.983494028358,Slovenia
Wildfire,2023,22.115025303229164,13946.095759337535,Slovenia
Shifting agriculture,2018,5.648207357960067,3509.4602074580607,Slovenia
Unknown,2014,1.656651264602865,720.9211732269755,Slovenia
Forestry,2006,1185.428602458883,542519.4450893829,Slovenia
Wildfire,2022,10.803848705349393,5861.496523472681,Slovenia
Shifting agriculture,2006,7.4068588063303,3922.0841612377835,Slovenia
Forestry,2016,4902.229764357903,2848404.8350825,Slovenia
Shifting agriculture,2008,3.6771512678971345,2025.9126616554258,Slovenia
Forestry,2002,690.5658257151998,294310.3966400286,Slovenia
Unknown,2023,1.441305375681424,928.5762893375183,Slovenia
Wildfire,2010,16.769991412508684,8506.364294199935,Slovenia
Unknown,2002,0.5342190623632813,227.87492226012787,Slovenia
Forestry,2019,3396.973424212609,1975856.7763590727,Slovenia
Shifting agriculture,2021,2.1303379022243916,1747.1087962118809,Slovenia
Wildfire,2007,42.53243864213977,20627.47025016142,Slovenia
Shifting agriculture,2004,5.221299804685329,3163.4329492091865,Slovenia
Shifting agriculture,2020,2.4515090702213542,1651.828809300038,Slovenia
Shifting agriculture,2009,1.8112373107942716,1098.5778670236614,Slovenia
Unknown,2016,5.938127224329426,2895.9826039051736,Slovenia
Unknown,2006,1.9402512828537324,642.4750683544388,Slovenia
Unknown,2020,1.713248106647136,1026.1991227881476,Slovenia
Wildfire,2009,46.61561438089627,22455.46222442439,Slovenia
Wildfire,2001,26.241087027727865,10840.680984696519,Slovenia
Forestry,2001,587.8870381497505,244196.74898763187,Slovenia
Wildfire,2005,80.33735649132595,37160.952367149395,Slovenia
Forestry,2003,508.5608947964546,201935.40292965662,Slovenia
Forestry,2013,630.5500408547006,319999.2114552293,Slovenia
Wildfire,2004,95.7854683307335,42543.077698549554,Slovenia
Unknown,2021,3.098673574887153,1841.6166583039917,Slovenia
Forestry,2010,1413.660204291386,727547.6131491468,Slovenia
Shifting agriculture,2012,1.7585631611892365,1107.2248710296087,Slovenia
Wildfire,2011,11.288710528085938,5842.964430056162,Slovenia
Wildfire,2003,18.98981263078993,8490.617558615355,Slovenia
Wildfire,2016,480.05872967238537,278776.5950342217,Slovenia
Wildfire,2021,17.81170725353299,10867.943003350158,Slovenia
Wildfire,2015,101.8837084420746,58572.30167718757,Slovenia
Unknown,2015,1.3362735528971355,707.4693147188507,Slovenia
Unknown,2001,0.1067635313953993,38.37483622682066,Slovenia
Forestry,2012,883.8336947794287,423004.1796088258,Slovenia
Forestry,2022,2836.7524901023535,1481219.8524718992,Slovenia
Unknown,2005,1.70822036234592,768.1392422331056,Slovenia
Wildfire,2013,5.82962845983941,3173.572500556999,Slovenia
Forestry,2004,1169.0168738777493,522796.9805587397,Slovenia
Shifting agriculture,2013,0.9056605271940106,564.7371207533516,Slovenia
Wildfire,2014,414.37867318641304,231880.95070159584,Slovenia
Forestry,2023,4596.33640482996,2855584.775219583,Slovenia
Shifting agriculture,2022,2.8778967385004344,2273.6008485104876,Slovenia
Wildfire,2020,56.57212750402128,34868.41949246421,Slovenia
Shifting agriculture,2001,1.2254218010525175,613.9638086394785,Slovenia
Shifting agriculture,2010,2.2368830929991317,1333.737142697098,Slovenia
Unknown,2004,1.7638553358572049,752.5372387670728,Slovenia
Shifting agriculture,2017,6.925662374750434,4234.190456370648,Slovenia
Wildfire,2008,26.46311978152128,13130.394585682277,Slovenia
Wildfire,2018,194.9682065914624,115273.61827162259,Slovenia
Shifting agriculture,2014,2.1839047943532988,1250.78547045219,Slovenia
Unknown,2012,16.051548149279515,7129.693822895143,Switzerland
Forestry,2021,3345.60713591244,2051207.0027058322,Switzerland
Shifting agriculture,2019,11.6400724535829,5597.010898954996,Switzerland
Forestry,2020,3833.934235722124,2379454.877615304,Switzerland
Unknown,2019,98.90762577850045,37167.58068119061,Switzerland
Forestry,2005,2273.2707933314978,1168609.7501600303,Switzerland
Urbanization,2021,1.3727275684309896,878.437127802639,Switzerland
Unknown,2011,16.555766895646702,7692.270612060224,Switzerland
Forestry,2008,2358.414531600181,1195769.7890733015,Switzerland
Unknown,2008,32.23757462409722,12382.844831041604,Switzerland
Shifting agriculture,2011,0.9123840372894968,370.4964008105336,Switzerland
Shifting agriculture,2005,3.1679518301909733,1261.9400265626061,Switzerland
Unknown,2010,29.93446084857856,11091.224901925942,Switzerland
Shifting agriculture,2002,0.7509468233094617,339.20017316716985,Switzerland
Urbanization,2015,2.430526361354167,1490.2916723151632,Switzerland
Wildfire,2012,12.649544870303817,5929.533017028547,Switzerland
Forestry,2011,1909.3832090450135,1048408.4433122441,Switzerland
Forestry,2014,1464.4258599704797,767048.416925287,Switzerland
Wildfire,2017,14.431054528956164,7326.579839763695,Switzerland
Urbanization,2018,4.692754097196181,2708.0989151631907,Switzerland
Unknown,2013,17.257550440935333,6751.487765195656,Switzerland
Forestry,2017,2452.5030902995077,1362109.3774748158,Switzerland
Unknown,2018,53.39205402019965,21759.607367636647,Switzerland
Forestry,2015,751.682097992986,406363.27258824185,Switzerland
Forestry,2009,2207.2805911804276,1115661.273712674,Switzerland
Unknown,2007,20.5744097135829,7064.794831433807,Switzerland
Unknown,2009,36.53328853837023,14098.837121113342,Switzerland
Wildfire,2019,46.162551684576805,22126.124201048828,Switzerland
Unknown,2022,24.523715164238286,10549.192262501463,Switzerland
Forestry,2018,3050.151653818057,1761275.576860929,Switzerland
Urbanization,2023,2.2187850699631078,1225.7442433088897,Switzerland
Unknown,2017,61.16477189050564,22618.14451831467,Switzerland
Shifting agriculture,2007,0.9670726324869788,494.3091202518429,Switzerland
Forestry,2007,1804.3768908202785,918477.1701495309,Switzerland
Wildfire,2006,16.886754570785598,7593.100581232574,Switzerland
Shifting agriculture,2023,8.542050418509113,4999.507051477412,Switzerland
Urbanization,2017,1.124733048871528,530.4101487109555,Switzerland
Shifting agriculture,2016,5.2032770412803835,2431.563971407844,Switzerland
Wildfire,2002,4.70298729859158,1609.0413933672432,Switzerland
Wildfire,2023,15.543252133730471,8283.81818477243,Switzerland
Shifting agriculture,2018,6.337117802276474,2917.414304442871,Switzerland
Unknown,2014,23.510361391874998,8405.57038816748,Switzerland
Urbanization,2004,10.406974539157993,5447.251931387225,Switzerland
Urbanization,2011,2.6415952806684033,1602.20183901736,Switzerland
Forestry,2006,1989.6281412935568,1012912.8264343989,Switzerland
Urbanization,2002,0.1584594497591146,67.27176919542646,Switzerland
Urbanization,2010,1.9046244153276908,1093.7550079475075,Switzerland
Wildfire,2022,11.60116453889974,5533.412723154892,Switzerland
Shifting agriculture,2006,0.8052493131032986,394.4865916676376,Switzerland
Forestry,2016,1612.38855121258,883319.5999423702,Switzerland
Urbanization,2014,1.3737453161284725,771.5160595206138,Switzerland
Shifting agriculture,2008,4.668693789236112,2051.366565541096,Switzerland
Forestry,2002,862.2899786395161,402766.6420947234,Switzerland
Shifting agriculture,2015,2.4167145173307287,1324.4110065265431,Switzerland
Urbanization,2006,4.807353670917967,2737.9523695110606,Switzerland
Unknown,2023,10.139162085405816,4744.993997780153,Switzerland
Wildfire,2010,15.485498584253476,7458.8039720946135,Switzerland
Unknown,2002,13.4015304770421,4269.865895242871,Switzerland
Forestry,2019,3349.9540619800737,1869951.5159757638,Switzerland
Urbanization,2012,2.0076139404405393,1284.2687270162617,Switzerland
Urbanization,2008,2.853469454904514,1457.0249327682602,Switzerland
Shifting agriculture,2021,5.208088415648869,3223.2185144938626,Switzerland
Wildfire,2007,20.25384132420139,9457.679860652719,Switzerland
Urbanization,2003,1.1098951501236978,605.5894338593516,Switzerland
Shifting agriculture,2004,8.911380272371964,3438.050591261177,Switzerland
Shifting agriculture,2020,9.44979171330946,4692.64558988098,Switzerland
Shifting agriculture,2009,2.5231408228016496,1212.1685688250184,Switzerland
Unknown,2003,14.326062077042101,4867.784335372766,Switzerland
Unknown,2016,36.29702884071615,15200.716949829151,Switzerland
Urbanization,2016,3.8035588748285583,2251.48715910041,Switzerland
Unknown,2006,36.72299707643012,12598.680005504619,Switzerland
Urbanization,2001,1.4259092223437502,703.7394433733133,Switzerland
Unknown,2020,43.760864644960925,18552.22160227731,Switzerland
Urbanization,2009,5.9685041299283865,3345.577714103619,Switzerland
Urbanization,2007,6.076137162519533,3202.634198674087,Switzerland
Urbanization,2022,2.0074053479817717,1270.5823325937063,Switzerland
Wildfire,2009,22.186638955177955,11316.753951641469,Switzerland
Wildfire,2001,7.106426388728297,2525.290663552315,Switzerland
Forestry,2001,1135.3740738770898,531224.6385409734,Switzerland
Wildfire,2005,16.448711020232206,8106.776134755337,Switzerland
Forestry,2003,410.63884274931644,186927.26157955074,Switzerland
Forestry,2013,764.7013202156014,391487.63870288857,Switzerland
Wildfire,2004,19.719533326768662,8289.937278842348,Switzerland
Unknown,2021,60.9164010501888,20840.349633640537,Switzerland
Forestry,2010,1689.0642685403645,878553.3796254458,Switzerland
Shifting agriculture,2012,3.2224944175998265,1415.2822350804856,Switzerland
Wildfire,2011,10.361362763487415,5331.774758873082,Switzerland
Wildfire,2003,7.208085087988281,2688.92992583265,Switzerland
Wildfire,2016,21.297682748196618,10107.510874376752,Switzerland
Wildfire,2021,42.80778723526476,21508.07793707974,Switzerland
Wildfire,2015,4.055807268832466,1925.895237229126,Switzerland
Unknown,2015,11.981176634160153,4307.778509551015,Switzerland
Unknown,2001,18.999220988200953,4881.112007435624,Switzerland
Forestry,2012,1484.1334758696921,801308.8163673274,Switzerland
Forestry,2022,1932.8995904884137,1196740.7469561002,Switzerland
Urbanization,2013,0.15853248656032987,87.09157727489477,Switzerland
Unknown,2005,23.744866433891055,8613.621783071203,Switzerland
Urbanization,2019,12.044953844609372,7229.520101536146,Switzerland
Wildfire,2013,8.069667269201389,3951.7765955909804,Switzerland
Forestry,2004,3744.0793785643527,1712013.8789569882,Switzerland
Urbanization,2020,11.356596587617185,7435.746416276854,Switzerland
Shifting agriculture,2013,3.4376052907899304,1610.7621970679122,Switzerland
Wildfire,2014,7.10123818452691,3533.9520286063257,Switzerland
Forestry,2023,3083.8610619390456,1876563.4842294944,Switzerland
Urbanization,2005,4.488381833485243,2506.253645032111,Switzerland
Shifting agriculture,2022,3.921578109867622,2263.5012007505056,Switzerland
Wildfire,2020,29.389674785755208,16280.086938252289,Switzerland
Shifting agriculture,2001,2.307616849596354,943.4738511004516,Switzerland
Shifting agriculture,2010,1.556609836666667,760.5766890744171,Switzerland
Unknown,2004,46.54185549415366,14770.019881925322,Switzerland
Shifting agriculture,2017,13.191201221163189,6985.929145774055,Switzerland
Wildfire,2008,21.094370705073786,9926.164032013425,Switzerland
Wildfire,2018,19.81319486732638,9455.280466498796,Switzerland
Shifting agriculture,2014,7.141453574802514,3386.8600088352973,Switzerland
